First Name,Last Name,Home Email,Mobile Phone,Home Address Street,Home Address City,Home Address State,Home Address Zip
Sarah,Anderson,sarah.anderson@email.com,(217) 555-0101,123 Maple Street,Springfield,IL,62701
Michael,Thompson,michael.thompson@email.com,(512) 555-0102,456 Oak Avenue,Austin,TX,78701
Jennifer,Martinez,jennifer.martinez@email.com,(206) 555-0103,789 Pine Road,Seattle,WA,98101
David,Garcia,david.garcia@email.com,(503) 555-0104,321 Elm Drive,Portland,OR,97201
Jessica,Rodriguez,jessica.rodriguez@email.com,(303) 555-0105,654 Cedar Lane,Denver,CO,80201
James,Wilson,james.wilson@email.com,(602) 555-0106,987 Birch Court,Phoenix,AZ,85001
Emily,Lopez,emily.lopez@email.com,(615) 555-0107,147 Spruce Way,Nashville,TN,37201
Robert,Hernandez,robert.hernandez@email.com,(704) 555-0108,258 Willow Place,Charlotte,NC,28201
Ashley,Gonzalez,ashley.gonzalez@email.com,(404) 555-0109,369 Ash Boulevard,Atlanta,GA,30301
Christopher,Perez,christopher.perez@email.com,(305) 555-0110,741 Poplar Street,Miami,FL,33101
Amanda,Taylor,amanda.taylor@email.com,(214) 555-0111,852 Magnolia Avenue,Dallas,TX,75201
Matthew,Moore,matthew.moore@email.com,(713) 555-0112,963 Hickory Road,Houston,TX,77001
Michelle,Jackson,michelle.jackson@email.com,(619) 555-0113,159 Sycamore Drive,San Diego,CA,92101
Joshua,Martin,joshua.martin@email.com,(213) 555-0114,357 Chestnut Lane,Los Angeles,CA,90001
Stephanie,Lee,stephanie.lee@email.com,(415) 555-0115,486 Walnut Court,San Francisco,CA,94101
Daniel,Walker,daniel.walker@email.com,(617) 555-0116,624 Juniper Way,Boston,MA,02101
Nicole,Hall,nicole.hall@email.com,(312) 555-0117,753 Redwood Place,Chicago,IL,60601
Andrew,Allen,andrew.allen@email.com,(215) 555-0118,891 Dogwood Boulevard,Philadelphia,PA,19101
Rachel,Young,rachel.young@email.com,(313) 555-0119,135 Cypress Street,Detroit,MI,48201
Ryan,King,ryan.king@email.com,(612) 555-0120,246 Fir Avenue,Minneapolis,MN,55401
Lauren,Wright,lauren.wright@email.com,(813) 555-0121,379 Sequoia Road,Tampa,FL,33601
Brandon,Scott,brandon.scott@email.com,(407) 555-0122,481 Palm Drive,Orlando,FL,32801
Megan,Green,megan.green@email.com,(816) 555-0123,592 Bamboo Lane,Kansas City,MO,64101
Kevin,Baker,kevin.baker@email.com,(614) 555-0124,613 Eucalyptus Court,Columbus,OH,43201
Samantha,Adams,samantha.adams@email.com,(317) 555-0125,724 Aspen Way,Indianapolis,IN,46201
Justin,Nelson,justin.nelson@email.com,(210) 555-0126,835 Cottonwood Place,San Antonio,TX,78201
Brittany,Carter,brittany.carter@email.com,(414) 555-0127,946 Mesquite Boulevard,Milwaukee,WI,53201
Tyler,Mitchell,tyler.mitchell@email.com,(702) 555-0128,157 Cedar Street,Las Vegas,NV,89101
Amber,Roberts,amber.roberts@email.com,(901) 555-0129,268 Pine Avenue,Memphis,TN,38101
Jonathan,Turner,jonathan.turner@email.com,(502) 555-0130,379 Oak Road,Louisville,KY,40201
Heather,Phillips,heather.phillips@email.com,(410) 555-0131,481 Maple Drive,Baltimore,MD,21201
Jacob,Campbell,jacob.campbell@email.com,(919) 555-0132,592 Elm Lane,Raleigh,NC,27601
Melissa,Parker,melissa.parker@email.com,(804) 555-0133,613 Birch Court,Richmond,VA,23218
Austin,Evans,austin.evans@email.com,(904) 555-0134,724 Spruce Way,Jacksonville,FL,32099
Kayla,Edwards,kayla.edwards@email.com,(405) 555-0135,835 Willow Place,Oklahoma City,OK,73101
Nathan,Collins,nathan.collins@email.com,(520) 555-0136,946 Ash Boulevard,Tucson,AZ,85701
Erin,Stewart,erin.stewart@email.com,(559) 555-0137,147 Poplar Street,Fresno,CA,93701
Zachary,Sanchez,zachary.sanchez@email.com,(916) 555-0138,258 Magnolia Avenue,Sacramento,CA,94203
Chelsea,Morris,chelsea.morris@email.com,(562) 555-0139,369 Hickory Road,Long Beach,CA,90801
Jordan,Rogers,jordan.rogers@email.com,(480) 555-0140,471 Sycamore Drive,Mesa,AZ,85201
Hannah,Reed,hannah.reed@email.com,(757) 555-0141,582 Chestnut Lane,Virginia Beach,VA,23450
Dylan,Cook,dylan.cook@email.com,(402) 555-0142,693 Walnut Court,Omaha,NE,68101
Alexis,Morgan,alexis.morgan@email.com,(719) 555-0143,714 Juniper Way,Colorado Springs,CO,80903
Cody,Bell,cody.bell@email.com,(510) 555-0144,825 Redwood Place,Oakland,CA,94601
Taylor,Murphy,taylor.murphy@email.com,(918) 555-0145,936 Dogwood Boulevard,Tulsa,OK,74103
Morgan,Bailey,morgan.bailey@email.com,(817) 555-0146,147 Cypress Street,Arlington,TX,76010
Kyle,Rivera,kyle.rivera@email.com,(504) 555-0147,258 Fir Avenue,New Orleans,LA,70112
Courtney,Cooper,courtney.cooper@email.com,(316) 555-0148,369 Sequoia Road,Wichita,KS,67202
Cameron,Richardson,cameron.richardson@email.com,(216) 555-0149,471 Palm Drive,Cleveland,OH,44101
Sierra,Cox,sierra.cox@email.com,(813) 555-0150,582 Bamboo Lane,Tampa,FL,33602
Austin,Howard,austin.howard@email.com,(714) 555-0151,693 Eucalyptus Court,Anaheim,CA,92801
Paige,Ward,paige.ward@email.com,(808) 555-0152,714 Aspen Way,Honolulu,HI,96801
Trevor,Torres,trevor.torres@email.com,(720) 555-0153,825 Cottonwood Place,Aurora,CO,80010
Natalie,Peterson,natalie.peterson@email.com,(714) 555-0154,936 Mesquite Boulevard,Santa Ana,CA,92701
Sean,Gray,sean.gray@email.com,(314) 555-0155,147 Cedar Street,St. Louis,MO,63101
Danielle,Ramirez,danielle.ramirez@email.com,(361) 555-0156,258 Pine Avenue,Corpus Christi,TX,78401
Cory,James,cory.james@email.com,(859) 555-0157,369 Oak Road,Lexington,KY,40502
Madison,Watson,madison.watson@email.com,(412) 555-0158,471 Maple Drive,Pittsburgh,PA,15201
Blake,Brooks,blake.brooks@email.com,(907) 555-0159,582 Elm Lane,Anchorage,AK,99501
Destiny,Kelly,destiny.kelly@email.com,(513) 555-0160,693 Birch Court,Cincinnati,OH,45201
Chase,Sanders,chase.sanders@email.com,(702) 555-0161,714 Spruce Way,Henderson,NV,89002
Sydney,Price,sydney.price@email.com,(336) 555-0162,825 Willow Place,Greensboro,NC,27401
Cole,Bennett,cole.bennett@email.com,(972) 555-0163,936 Ash Boulevard,Plano,TX,75023
Hailey,Wood,hailey.wood@email.com,(973) 555-0164,147 Poplar Street,Newark,NJ,07102
Garrett,Barnes,garrett.barnes@email.com,(402) 555-0165,258 Magnolia Avenue,Lincoln,NE,68501
Savannah,Ross,savannah.ross@email.com,(419) 555-0166,369 Hickory Road,Toledo,OH,43604
Hunter,Henderson,hunter.henderson@email.com,(407) 555-0167,471 Sycamore Drive,Orlando,FL,32802
Marissa,Coleman,marissa.coleman@email.com,(619) 555-0168,582 Chestnut Lane,Chula Vista,CA,91910
Dalton,Jenkins,dalton.jenkins@email.com,(260) 555-0169,693 Walnut Court,Fort Wayne,IN,46801
Kelsey,Perry,kelsey.perry@email.com,(201) 555-0170,714 Juniper Way,Jersey City,NJ,07302
Tanner,Powell,tanner.powell@email.com,(727) 555-0171,825 Redwood Place,St. Petersburg,FL,33701
Gabriella,Long,gabriella.long@email.com,(480) 555-0172,936 Dogwood Boulevard,Chandler,AZ,85224
Caleb,Patterson,caleb.patterson@email.com,(956) 555-0173,147 Cypress Street,Laredo,TX,78040
Jenna,Hughes,jenna.hughes@email.com,(919) 555-0174,258 Fir Avenue,Durham,NC,27701
Isaac,Flores,isaac.flores@email.com,(716) 555-0175,369 Sequoia Road,Buffalo,NY,14201
Kaitlyn,Washington,kaitlyn.washington@email.com,(608) 555-0176,471 Palm Drive,Madison,WI,53703
Mason,Butler,mason.butler@email.com,(806) 555-0177,582 Bamboo Lane,Lubbock,TX,79401
Makenzie,Simmons,makenzie.simmons@email.com,(775) 555-0178,693 Eucalyptus Court,Reno,NV,89501
Spencer,Foster,spencer.foster@email.com,(480) 555-0179,714 Aspen Way,Gilbert,AZ,85233
Shelby,Gonzales,shelby.gonzales@email.com,(305) 555-0180,825 Cottonwood Place,Hialeah,FL,33010
Peyton,Bryant,peyton.bryant@email.com,(972) 555-0181,936 Mesquite Boulevard,Garland,TX,75040
Kylie,Alexander,kylie.alexander@email.com,(480) 555-0182,147 Cedar Street,Scottsdale,AZ,85251
Carter,Russell,carter.russell@email.com,(757) 555-0183,258 Pine Avenue,Norfolk,VA,23501
Brooke,Griffin,brooke.griffin@email.com,(336) 555-0184,369 Oak Road,Winston-Salem,NC,27101
Colton,Diaz,colton.diaz@email.com,(972) 555-0185,471 Maple Drive,Irving,TX,75060
Alexa,Hayes,alexa.hayes@email.com,(757) 555-0186,582 Elm Lane,Chesapeake,VA,23320
Wyatt,Myers,wyatt.myers@email.com,(623) 555-0187,693 Birch Court,Glendale,AZ,85301
Maya,Ford,maya.ford@email.com,(972) 555-0188,714 Spruce Way,Garland,TX,75041
Easton,Hamilton,easton.hamilton@email.com,(702) 555-0189,825 Willow Place,North Las Vegas,NV,89030
Ruby,Graham,ruby.graham@email.com,(225) 555-0190,936 Ash Boulevard,Baton Rouge,LA,70801
Lincoln,Sullivan,lincoln.sullivan@email.com,(509) 555-0191,147 Poplar Street,Spokane,WA,99201
Sophia,Wallace,sophia.wallace@email.com,(515) 555-0192,258 Magnolia Avenue,Des Moines,IA,50309
Jackson,Woods,jackson.woods@email.com,(253) 555-0193,369 Hickory Road,Tacoma,WA,98402
Emma,Cole,emma.cole@email.com,(209) 555-0194,471 Sycamore Drive,Modesto,CA,95350
Liam,West,liam.west@email.com,(909) 555-0195,582 Chestnut Lane,Fontana,CA,92335
Olivia,Jordan,olivia.jordan@email.com,(661) 555-0196,693 Walnut Court,Santa Clarita,CA,91350
Noah,Owens,noah.owens@email.com,(205) 555-0197,714 Juniper Way,Birmingham,AL,35203
Ava,Reynolds,ava.reynolds@email.com,(910) 555-0198,825 Redwood Place,Fayetteville,NC,28301
William,Fisher,william.fisher@email.com,(585) 555-0199,936 Dogwood Boulevard,Rochester,NY,14604
Isabella,Ellis,isabella.ellis@email.com,(951) 555-0200,147 Cypress Street,Moreno Valley,CA,92553
